NAME,INFORMAT,DESCRIPTION
yr,int,Spring School Year
cps,char(10),Hardcoded CPS
order,int,Used to sort in meaningful way
desc1,char(25),Grouping 
desc2,char(30),Breakdown within Grouping
grade,int,Grade tested
gradename,char(30),Grade Tested Description
rd_mexcP,numeric(7.1),% of students with a  Performance Level of Meet or Exceeding in Reading
rd_excP,numeric(7.1),% of students with a  Performance Level of Exceeding in Reading
rd_meetP,numeric(7.1),% of students with a  Performance Level of Meeting in Reading
rd_belowP,numeric(7.1),% of students with a  Performance Level of Below in Reading
rd_warnP,numeric(7.1),% of students with a  Performance Level of Warn in Reading
rd_tt,int,Total Tests Taken in Reading
mt_mexcP,numeric(7.1),% of students with a  Performance Level of Meet or Exceeding in Math
mt_excP,numeric(7.1),% of students with a  Performance Level of Exceeding in Math
mt_meetP,numeric(7.1),% of students with a  Performance Level of Meeting in Math
mt_belowP,numeric(7.1),% of students with a  Performance Level of Below in Math
mt_warnP,numeric(7.1),% of students with a  Performance Level of Warn in Math
mt_tt,int,Total Tests Taken in Math
sc_mexcP,numeric(7.1),% of students with a  Performance Level of Meet or Exceeding in Science
sc_excP,numeric(7.1),% of students with a  Performance Level of Exceeding in Science
sc_meetP,numeric(7.1),% of students with a  Performance Level of Meeting in Science
sc_belowP,numeric(7.1),% of students with a  Performance Level of Below in Science
sc_warnP,numeric(7.1),% of students with a  Performance Level of Warn in Science
sc_tt,int,Total Tests Taken in Science
cp_mexcP,numeric(7.1),% of students with a  Performance Level of Meet or Exceeding in Composite
cp_excP,numeric(7.1),% of students with a  Performance Level of Exceeding in Composite
cp_meetP,numeric(7.1),% of students with a  Performance Level of Meeting in Composite
cp_belowP,numeric(7.1),% of students with a  Performance Level of Below in Composite
cp_warnP,numeric(7.1),% of students with a  Performance Level of Warn in Composite
cp_tt,int,Total Tests Taken in Composite
